rank,title,url,display_url
1,我想学怎么通过分析照片来找出拍摄地点。 : r/IWantToLearn,https://www.reddit.com/r/IWantToLearn/comments/1i2y9s0/iwtl_how_to_find_out_where_a_photo_was_taken_by/?tl=zh-hans,https://www.reddit.com/r/IWantToLearn/comments/1i2y9s0/iwtl_how_to_find_out_where_a_photo_was_taken_by/?tl=zh-hans
2,我想学怎么通过分析照片来找出拍摄地点。 : r/IWantToLearn,https://www.reddit.com/r/IWantToLearn/comments/1i2y9s0/iwtl_how_to_find_out_where_a_photo_was_taken_by/?tl=zh-hans,https://www.reddit.com/r/IWantToLearn/comments/1i2y9s0/iwtl_how_to_find_out_where_a_photo_was_taken_by/?tl=zh-hans
3,如何用一张照片推理具体位置｜网络迷踪入门指南,https://zhuanlan.zhihu.com/p/555606058,https://zhuanlan.zhihu.com/p/555606058
4,Photo Location Finder・GeoZip - Google Play 上的应用,https://play.google.com/store/apps/details?id=com.victor.geospy&hl=zh,https://play.google.com/store/apps/details?id=com.victor.geospy&hl=zh
5,根据图片找出所在位置，这个AI太强了原创,https://blog.csdn.net/csdn_php_android/article/details/139234995,https://blog.csdn.net/csdn_php_android/article/details/139234995
6,AI 定位！只需一张图片就能找到你，锁定具体位置！精确到 ...,https://www.youtube.com/watch?v=9Bu8RqIjkCI&vl=zh,https://www.youtube.com/watch?v=9Bu8RqIjkCI&vl=zh
7,一张照片准确定位人在哪里，ChatGPT新能力引“开盒”担忧,https://www.21jingji.com/article/20250418/herald/4268a0ca12cde961e201bbd61c1ebdff.html,https://www.21jingji.com/article/20250418/herald/4268a0ca12cde961e201bbd61c1ebdff.html
8,如何透過圖片找到拍攝地點？五種定位方法分享【2025最新】,https://www.airdroid.com/zh-tw/parent-control/how-to-find-location-by-image/,https://www.airdroid.com/zh-tw/parent-control/how-to-find-location-by-image/
9,GeoSpy.ai : 照片定位助手 - App Store,https://apps.apple.com/cn/app/geospy-ai-%E7%85%A7%E7%89%87%E5%AE%9A%E4%BD%8D%E5%8A%A9%E6%89%8B/id6746663776,https://apps.apple.com/cn/app/geospy-ai-%E7%85%A7%E7%89%87%E5%AE%9A%E4%BD%8D%E5%8A%A9%E6%89%8B/id6746663776
10,了解、查找和修改照片的位置信息- Android - Google 相册帮助,https://support.google.com/photos/answer/6153599?hl=zh-Hans&co=GENIE.Platform%3DAndroid,https://support.google.com/photos/answer/6153599?hl=zh-Hans&co=GENIE.Platform%3DAndroid
11,根据图像估计地理位置的模型 - Wolfram,https://www.wolfram.com/language/12/machine-learning-for-images/a-model-to-estimate-geo-location-from-an-image.html.zh,https://www.wolfram.com/language/12/machine-learning-for-images/a-model-to-estimate-geo-location-from-an-image.html.zh
12,一张照片，就能知道你在哪里？丨网络迷踪初探,https://sspai.com/post/73193,https://sspai.com/post/73193
13,一张照片，就能知道你在哪里？丨网络迷踪初探,https://sspai.com/post/73193,https://sspai.com/post/73193
14,可凭一图精准定位，当AI化身“赛博侦探”，隐私如何防护？,https://m.mp.oeeee.com/a/BAAFRD0000202505091085029.html,https://m.mp.oeeee.com/a/BAAFRD0000202505091085029.html
15,GeoSpy 免费在线工具，利用AI 从上传的照片中识别地理位置,https://www.chongbuluo.com/thread-19377-1-1.html,https://www.chongbuluo.com/thread-19377-1-1.html
16,o3碾压T0级高手！人类「诡计」被看穿，跨模态推理爆表,https://hub.baai.ac.cn/view/45420,https://hub.baai.ac.cn/view/45420
17,OSINT 工具|使用AI搜索照片的位置,https://zhuanlan.zhihu.com/p/18505138695,https://zhuanlan.zhihu.com/p/18505138695
18,用AI找图片位置: r/geoguessr,https://www.reddit.com/r/geoguessr/comments/15vmcvn/image_location_finder_using_ai/?tl=zh-hans,https://www.reddit.com/r/geoguessr/comments/15vmcvn/image_location_finder_using_ai/?tl=zh-hans
19,GPT-4v根据图片识别地点的能力太强了。 测试的图片已经,https://m.okjike.com/originalPosts/65211fbbc70326f2eb1fd6df,https://m.okjike.com/originalPosts/65211fbbc70326f2eb1fd6df
20,通过一张照片图片蕴含的GPS位置信息定位到别人的地理位置,https://www.bilibili.com/video/BV1wb411U77i/,https://www.bilibili.com/video/BV1wb411U77i/
21,AI看照片，几秒就能地理定位，因太危险被公司主动关闭,https://m.36kr.com/p/3172043023958404,https://m.36kr.com/p/3172043023958404
22,通过开源情报查找照片地理位置（挑战一）,http://www.360doc.com/content/24/0713/10/77055692_1128650878.shtml,http://www.360doc.com/content/24/0713/10/77055692_1128650878.shtml
23,图像地理定位研究进展,https://www.dqxxkx.cn/CN/10.12082/dqxxkx.2023.230073,https://www.dqxxkx.cn/CN/10.12082/dqxxkx.2023.230073
24,图像地理定位研究进展,https://www.dqxxkx.cn/CN/10.12082/dqxxkx.2023.230073,https://www.dqxxkx.cn/CN/10.12082/dqxxkx.2023.230073
25,从图片中找到位置和建筑物。不为人知的解决方案！,https://lenso.ai/zh/blog/guides/cong-tu-pian-zhong-zhao-dao-wei-zhi-he-jian-zhu-wu-bu-wei-ren-zhi-de-jie-jue-fang-an,https://lenso.ai/zh/blog/guides/cong-tu-pian-zhong-zhao-dao-wei-zhi-he-jian-zhu-wu-bu-wei-ren-zhi-de-jie-jue-fang-an
26,地理标记的照片 - 维基百科,https://zh.wikipedia.org/zh-hans/%E5%9C%B0%E7%90%86%E6%A0%87%E8%AE%B0%E7%9A%84%E7%85%A7%E7%89%87,https://zh.wikipedia.org/zh-hans/%E5%9C%B0%E7%90%86%E6%A0%87%E8%AE%B0%E7%9A%84%E7%85%A7%E7%89%87
27,Picarta：可以查找图片拍摄地点的AI识图软件 - 苏米客,https://www.xmsumi.com/detail/401,https://www.xmsumi.com/detail/401
28,一种基于大规模街景数据的图片地理定位方法和系统,https://patents.google.com/patent/CN108763481B/zh,https://patents.google.com/patent/CN108763481B/zh
29,微信朋友圈识别图片位置信息，原来是这么实现的,https://m.leiphone.com/category/industrynews/mJO6LAsZzmO1f1Fo.html,https://m.leiphone.com/category/industrynews/mJO6LAsZzmO1f1Fo.html
30,GPS地图相机照片定位,https://play.google.com/store/apps/details?id=com.gps.gpsmapcamera.geotagphotos.gpsstamps.geotagging.photolocation.travelphotos&hl=zh,https://play.google.com/store/apps/details?id=com.gps.gpsmapcamera.geotagphotos.gpsstamps.geotagging.photolocation.travelphotos&hl=zh
31,Places API - 地点照片（旧版）,https://developers.google.com/maps/documentation/places/web-service/legacy/photos?hl=zh-cn,https://developers.google.com/maps/documentation/places/web-service/legacy/photos?hl=zh-cn
32,GeoSeek – AI全球图像识别定位引擎 - App Store,https://apps.apple.com/cn/app/geoseek-ai%E5%85%A8%E7%90%83%E5%9B%BE%E5%83%8F%E8%AF%86%E5%88%AB%E5%AE%9A%E4%BD%8D%E5%BC%95%E6%93%8E/id6741676005,https://apps.apple.com/cn/app/geoseek-ai%E5%85%A8%E7%90%83%E5%9B%BE%E5%83%8F%E8%AF%86%E5%88%AB%E5%AE%9A%E4%BD%8D%E5%BC%95%E6%93%8E/id6741676005
33,一种拍摄目标的地理位置标注方法,https://html.rhhz.net/CHDLXX/html/066c5f3d-0723-4b5e-a06c-1adf6ebee6a1.htm,https://html.rhhz.net/CHDLXX/html/066c5f3d-0723-4b5e-a06c-1adf6ebee6a1.htm
34,一种拍摄目标的地理位置标注方法,https://html.rhhz.net/CHDLXX/html/066c5f3d-0723-4b5e-a06c-1adf6ebee6a1.htm,https://html.rhhz.net/CHDLXX/html/066c5f3d-0723-4b5e-a06c-1adf6ebee6a1.htm
35,如何通过从照片中删除地理位置数据来保护自己,https://hackernoon.com/lang/zh/%E5%A6%82%E4%BD%95%E9%80%9A%E8%BF%87%E4%BB%8E%E7%85%A7%E7%89%87%E4%B8%AD%E5%88%A0%E9%99%A4%E5%9C%B0%E7%90%86%E4%BD%8D%E7%BD%AE%E6%95%B0%E6%8D%AE%E6%9D%A5%E4%BF%9D%E6%8A%A4%E8%87%AA%E5%B7%B1,https://hackernoon.com/lang/zh/%E5%A6%82%E4%BD%95%E9%80%9A%E8%BF%87%E4%BB%8E%E7%85%A7%E7%89%87%E4%B8%AD%E5%88%A0%E9%99%A4%E5%9C%B0%E7%90%86%E4%BD%8D%E7%BD%AE%E6%95%B0%E6%8D%AE%E6%9D%A5%E4%BF%9D%E6%8A%A4%E8%87%AA%E5%B7%B1
36,通过一张照片查对方位置_图片查定位,https://blog.csdn.net/Aaron_Miller/article/details/106657574,https://blog.csdn.net/Aaron_Miller/article/details/106657574
37,瞭解、尋找及編輯相片的位置資訊- Android 裝置,https://support.google.com/photos/answer/6153599?hl=zh-HK&co=GENIE.Platform%3DAndroid,https://support.google.com/photos/answer/6153599?hl=zh-HK&co=GENIE.Platform%3DAndroid
38,Picarta,https://aishenqi.net/tool/picarta,https://aishenqi.net/tool/picarta
39,o3精准破译照片位置，只靠几行Python代码？人类在AI面前 ...,https://zhuanlan.zhihu.com/p/1899897872108990467,https://zhuanlan.zhihu.com/p/1899897872108990467
40,CN103067856A - 基于图像识别的地理位置定位方法及系统,https://patents.google.com/patent/CN103067856A/zh,https://patents.google.com/patent/CN103067856A/zh
41,照片位置无需GPS，谷歌看一眼就知道在哪里拍了,https://m.leiphone.com/category/zixun/1UlPHvGVYqOa9MqB.html,https://m.leiphone.com/category/zixun/1UlPHvGVYqOa9MqB.html
42,【免費】想找出照片拍攝的地點？這款AI 工具「GeoSpy.ai」幫 ...,https://3c.yipee.cc/252612/%E3%80%90%E5%85%8D%E8%B2%BB%E3%80%91%E6%83%B3%E6%89%BE%E5%87%BA%E7%85%A7%E7%89%87%E6%8B%8D%E6%94%9D%E7%9A%84%E5%9C%B0%E9%BB%9E%EF%BC%9F%E9%80%99%E6%AC%BE-ai-%E5%B7%A5%E5%85%B7%E3%80%8Cgeospy-ai/,https://3c.yipee.cc/252612/%E3%80%90%E5%85%8D%E8%B2%BB%E3%80%91%E6%83%B3%E6%89%BE%E5%87%BA%E7%85%A7%E7%89%87%E6%8B%8D%E6%94%9D%E7%9A%84%E5%9C%B0%E9%BB%9E%EF%BC%9F%E9%80%99%E6%AC%BE-ai-%E5%B7%A5%E5%85%B7%E3%80%8Cgeospy-ai/
43,Google 地球,https://earth.google.com/web/?authuser=8&hl=zh-tw,https://earth.google.com/web/?authuser=8&hl=zh-tw
44,GeoSap-智能照片地理坐标识别引擎 - App Store,https://apps.apple.com/cn/app/geosap-%E6%99%BA%E8%83%BD%E7%85%A7%E7%89%87%E5%9C%B0%E7%90%86%E5%9D%90%E6%A0%87%E8%AF%86%E5%88%AB%E5%BC%95%E6%93%8E/id6748383809,https://apps.apple.com/cn/app/geosap-%E6%99%BA%E8%83%BD%E7%85%A7%E7%89%87%E5%9C%B0%E7%90%86%E5%9D%90%E6%A0%87%E8%AF%86%E5%88%AB%E5%BC%95%E6%93%8E/id6748383809
45,GeoSap-智能照片地理坐标识别引擎 - App Store,https://apps.apple.com/cn/app/geosap-%E6%99%BA%E8%83%BD%E7%85%A7%E7%89%87%E5%9C%B0%E7%90%86%E5%9D%90%E6%A0%87%E8%AF%86%E5%88%AB%E5%BC%95%E6%93%8E/id6748383809,https://apps.apple.com/cn/app/geosap-%E6%99%BA%E8%83%BD%E7%85%A7%E7%89%87%E5%9C%B0%E7%90%86%E5%9D%90%E6%A0%87%E8%AF%86%E5%88%AB%E5%BC%95%E6%93%8E/id6748383809
46,門牌 - 國土測繪圖資服務雲,https://maps.nlsc.gov.tw/T09/mobilemap.action,https://maps.nlsc.gov.tw/T09/mobilemap.action
47,在地图上查找地点—ArcGIS Pro | 文档,https://pro.arcgis.com/zh-cn/pro-app/3.4/help/data/geocoding/find-places-on-the-map.htm,https://pro.arcgis.com/zh-cn/pro-app/3.4/help/data/geocoding/find-places-on-the-map.htm
48,一个通过照片识别地理位置的应用_geospy- ...,https://blog.csdn.net/weixin_36396470/article/details/138477182,https://blog.csdn.net/weixin_36396470/article/details/138477182
49,地理資訊地圖．香港特別行政區政府提供的香港 ... - GeoInfo Map,https://www.map.gov.hk/gm/map/search/faci/OCCSDC?lg=tc,https://www.map.gov.hk/gm/map/search/faci/OCCSDC?lg=tc
50,Add Location,https://help.sketchup.com/zh-CN/tags/add-location,https://help.sketchup.com/zh-CN/tags/add-location
51,無人機飛行圖（下稱「此地圖」）只是讓使用者 ...,https://esua.cad.gov.hk/web/droneMap?lang=zh_TW,https://esua.cad.gov.hk/web/droneMap?lang=zh_TW
52,了解、查找和修改照片的位置信息- 电脑- Google 相册帮助,https://support.google.com/photos/answer/6153599?hl=zh-Hans&co=GENIE.Platform%3DDesktop,https://support.google.com/photos/answer/6153599?hl=zh-Hans&co=GENIE.Platform%3DDesktop
53,用于制作自定义地图的工具和产品,https://mapsplatform.google.com/intl/zh-CN_cn/maps-products/,https://mapsplatform.google.com/intl/zh-CN_cn/maps-products/
54,國土規劃地理資訊系統,https://nsp.tcd.gov.tw/ngis/,https://nsp.tcd.gov.tw/ngis/
55,USPS: 欢迎,https://zh.usps.com/,https://zh.usps.com/
56,USPS: 欢迎,https://zh.usps.com/,https://zh.usps.com/
57,星宇航空,https://www.starlux-airlines.com/zh-TW,https://www.starlux-airlines.com/zh-TW
58,怎么根据照片找地理位置,https://www.douyin.com/search/%E6%80%8E%E4%B9%88%E6%A0%B9%E6%8D%AE%E7%85%A7%E7%89%87%E6%89%BE%E5%9C%B0%E7%90%86%E4%BD%8D%E7%BD%AE,https://www.douyin.com/search/%E6%80%8E%E4%B9%88%E6%A0%B9%E6%8D%AE%E7%85%A7%E7%89%87%E6%89%BE%E5%9C%B0%E7%90%86%E4%BD%8D%E7%BD%AE
59,当AI能通过一张照片找到你的住址：技术便利与隐私危机的 ...,https://zhuanlan.zhihu.com/p/1896601240256893126,https://zhuanlan.zhihu.com/p/1896601240256893126
60,GPS Camera location: photo app - Google Play 上的应用,https://play.google.com/store/apps/details?id=com.gps.camera.photo.location.my.photo.location.app&hl=zh,https://play.google.com/store/apps/details?id=com.gps.camera.photo.location.my.photo.location.app&hl=zh
61,华为手机拍摄的照片没有地理位置信息,https://consumer.huawei.com/cn/support/content/zh-cn16081708/,https://consumer.huawei.com/cn/support/content/zh-cn16081708/
62,如何通过照片定位地点查看拍摄地点知道地理位置看照片 ...,https://kr.world.taobao.com/item/856486371520.htm,https://kr.world.taobao.com/item/856486371520.htm
63,跨视角图像地理定位数据集综述,https://www.ygxb.ac.cn/rc-pub/front/front-article/download/110886791/lowqualitypdf/%E8%B7%A8%E8%A7%86%E8%A7%92%E5%9B%BE%E5%83%8F%E5%9C%B0%E7%90%86%E5%AE%9A%E4%BD%8D%E6%95%B0%E6%8D%AE%E9%9B%86%E7%BB%BC%E8%BF%B0.pdf,https://www.ygxb.ac.cn/rc-pub/front/front-article/download/110886791/lowqualitypdf/%E8%B7%A8%E8%A7%86%E8%A7%92%E5%9B%BE%E5%83%8F%E5%9C%B0%E7%90%86%E5%AE%9A%E4%BD%8D%E6%95%B0%E6%8D%AE%E9%9B%86%E7%BB%BC%E8%BF%B0.pdf
64,[D] 图像识别- 有什么算法可以对照片进行地理定位吗？,https://www.reddit.com/r/MachineLearning/comments/wkwyzq/d_image_recognition_any_algorithms_to_geolocate_a/?tl=zh-hans,https://www.reddit.com/r/MachineLearning/comments/wkwyzq/d_image_recognition_any_algorithms_to_geolocate_a/?tl=zh-hans
65,相片拍攝之位置、方位記錄與GIS的應用,https://ndaip.sinica.edu.tw/content.jsp?option_id=2621&index_info_id=1544,https://ndaip.sinica.edu.tw/content.jsp?option_id=2621&index_info_id=1544
66,图像识别技术下的地理定位：从照片到位置的探索之旅,https://cloud.baidu.com/article/3351208,https://cloud.baidu.com/article/3351208
67,图像识别技术下的地理定位：从照片到位置的探索之旅,https://cloud.baidu.com/article/3351208,https://cloud.baidu.com/article/3351208
68,自然资源部举行12月份例行新闻发布会,http://www.scio.gov.cn/xwfb/bwxwfb/gbwfbh/zrzyb/202601/t20260104_944629.html,http://www.scio.gov.cn/xwfb/bwxwfb/gbwfbh/zrzyb/202601/t20260104_944629.html
69,腾讯位置服务- 立足生态，连接未来,https://lbs.qq.com/,https://lbs.qq.com/
70,隐私权政策– 隐私权和条款– Google,https://policies.google.com/privacy?hl=zh-CN,https://policies.google.com/privacy?hl=zh-CN
71,用一张图片，AI即可锁定你的地理位置,https://cloud.tencent.com/developer/news/1930370,https://cloud.tencent.com/developer/news/1930370
72,GeoSpy AI-基于AI 的照片地理位置识别工具- 资源荟萃,https://linux.do/t/topic/75800,https://linux.do/t/topic/75800
73,EXIF信息查看器 - 图虫,https://exif.tuchong.com/,https://exif.tuchong.com/
74,如何在照片中查找地理位置等信息 - 阿里云开发者社区,https://developer.aliyun.com/article/628584,https://developer.aliyun.com/article/628584
75,地理定位：在地图上显示用户或设备位置| Maps JavaScript API,https://developers.google.com/maps/documentation/javascript/geolocation?hl=zh-cn,https://developers.google.com/maps/documentation/javascript/geolocation?hl=zh-cn
76,AI照片定位地理位置| 根据图片找地点| GeoGPT,https://anakin.ai/zh-cn/apps/ai%E7%85%A7%E7%89%87%E5%AE%9A%E4%BD%8D%E5%9C%B0%E7%90%86%E4%BD%8D%E7%BD%AE-27461,https://anakin.ai/zh-cn/apps/ai%E7%85%A7%E7%89%87%E5%AE%9A%E4%BD%8D%E5%9C%B0%E7%90%86%E4%BD%8D%E7%BD%AE-27461
77,国家互联网信息办公室关于《互联网应用程序个人信息收集 ...,https://www.cac.gov.cn/2026-01/10/c_1769603446094128.htm,https://www.cac.gov.cn/2026-01/10/c_1769603446094128.htm
78,国家互联网信息办公室关于《互联网应用程序个人信息收集 ...,https://www.cac.gov.cn/2026-01/10/c_1769603446094128.htm,https://www.cac.gov.cn/2026-01/10/c_1769603446094128.htm
79,小心，最新AI看一眼照片就定位你在哪里，精确到经纬度,https://m.huxiu.com/article/3016415.html,https://m.huxiu.com/article/3016415.html
80,https://blog.google/search/?query=intelligent%20ve...,https://blog.google/search/?query=intelligent%20vehicle%20safety%20architecture[my80.me],https://blog.google/search/?query=intelligent%20vehicle%20safety%20architecture[my80.me]
81,奥维互动地图| 北京元生华网软件有限公司400-893-8099,https://www.ovital.com/,https://www.ovital.com/
82,你可能不信，AI已能根据照片定位你的位置,https://www.163.com/dy/article/ISF6V5I10511A93L.html,https://www.163.com/dy/article/ISF6V5I10511A93L.html
83,如何通过一张图，确定它的具体位置？#地理,https://www.wenxiaobai.com/api/expends/detail?article=d983482f-cb61-4e89-a16e-fed1abf88ebf,https://www.wenxiaobai.com/api/expends/detail?article=d983482f-cb61-4e89-a16e-fed1abf88ebf
84,GeoSpy AI：精準圖片定位與情報分析的AI工具，提升地...,https://nabi.104.com.tw/posts/nabi_post_8b24a2ad-ffcb-4744-b0e4-04ee3db95553,https://nabi.104.com.tw/posts/nabi_post_8b24a2ad-ffcb-4744-b0e4-04ee3db95553
85,你的照片在哪儿拍的，AI一下子就能看出来,https://www.thepaper.cn/newsDetail_forward_25859150,https://www.thepaper.cn/newsDetail_forward_25859150
86,小心！最新AI看一眼照片就定位你在哪精确到经纬度,https://news.mydrivers.com/1/979/979415.htm,https://news.mydrivers.com/1/979/979415.htm
87,又可辅助决策——AI赋能智慧应急杭州实践大家谈,http://www.news.cn/politics/20260109/8dafed96d76f4cb7b50c8e7c63c1b9db/c.html,http://www.news.cn/politics/20260109/8dafed96d76f4cb7b50c8e7c63c1b9db/c.html
88,GeoSpy.ai：照片定位助手 - App Store,https://apps.apple.com/hk/app/geospy-ai-%E7%85%A7%E7%89%87%E5%AE%9A%E4%BD%8D%E5%8A%A9%E6%89%8B/id6746663776,https://apps.apple.com/hk/app/geospy-ai-%E7%85%A7%E7%89%87%E5%AE%9A%E4%BD%8D%E5%8A%A9%E6%89%8B/id6746663776
89,GeoSpy.ai：照片定位助手 - App Store,https://apps.apple.com/hk/app/geospy-ai-%E7%85%A7%E7%89%87%E5%AE%9A%E4%BD%8D%E5%8A%A9%E6%89%8B/id6746663776,https://apps.apple.com/hk/app/geospy-ai-%E7%85%A7%E7%89%87%E5%AE%9A%E4%BD%8D%E5%8A%A9%E6%89%8B/id6746663776
90,AI 看照片几秒就能地理定位：GeoSpy 技术因太危险被公司 ...,https://finance.sina.com.cn/tech/digi/2025-02-18/doc-inekwutf3896095.shtml,https://finance.sina.com.cn/tech/digi/2025-02-18/doc-inekwutf3896095.shtml
91,搜船网--全球船舶位置动态跟踪、船位查询、 AIS船位、电子海 ...,https://www.shipfinder.com/,https://www.shipfinder.com/
92,JET SL+ 158 SUPERC以競馭動,https://tw.sym-global.com/jet158,https://tw.sym-global.com/jet158
93,自拍须谨慎！教你如何通过照片定位查看拍摄地点-太平洋IT百科,https://product.pconline.com.cn/itbk/bkxt/1312/4061336.html,https://product.pconline.com.cn/itbk/bkxt/1312/4061336.html
94,最新AI GeoSpy 看一眼照片就定位你在哪里，精确到经纬度,https://www.ithome.com/0/767/450.htm,https://www.ithome.com/0/767/450.htm
95,GeoSpy：這個AI 看一眼照片就能定位你在哪裡，位置精確到 ...,https://www.techbang.com/posts/115250-the-latest-ai-can-pinpoint-where-you-are-with-a-glance-at-a,https://www.techbang.com/posts/115250-the-latest-ai-can-pinpoint-where-you-are-with-a-glance-at-a
96,如何通过一张图片找到你的位置？ 原创,https://blog.csdn.net/think_ycx/article/details/50726237,https://blog.csdn.net/think_ycx/article/details/50726237
97,高清地图定位照片-图片免费下载,https://www.58pic.com/tupian-tupian/ditudingwei.html,https://www.58pic.com/tupian-tupian/ditudingwei.html
98,人民美好生活为何需要康养气象服务？气象健康专家共同 ...,https://www.cma.gov.cn/2011xwzx/2011xqxxw/2011xqxyw/202601/t20260107_7532220.html,https://www.cma.gov.cn/2011xwzx/2011xqxxw/2011xqxyw/202601/t20260107_7532220.html
99,我省最大铁路商品车物流基地完成升级改造,https://www.fujian.gov.cn/zwgk/ztzl/sxzygwzxsgzx/sdjj/szjj/202601/t20260108_7072667.htm,https://www.fujian.gov.cn/zwgk/ztzl/sxzygwzxsgzx/sdjj/szjj/202601/t20260108_7072667.htm
100,我省最大铁路商品车物流基地完成升级改造,https://www.fujian.gov.cn/zwgk/ztzl/sxzygwzxsgzx/sdjj/szjj/202601/t20260108_7072667.htm,https://www.fujian.gov.cn/zwgk/ztzl/sxzygwzxsgzx/sdjj/szjj/202601/t20260108_7072667.htm
